Label,# Samples,Average,Median,90% Line,95% Line,99% Line,Min,Max,Error %,Throughput,Received KB/sec,Sent KB/sec
HTTP Request,2000,1199,1288,1313,1330,2033,486,3875,0.000%,14.50958,4.26,3.24
TOTAL,2000,1199,1288,1313,1330,2033,486,3875,0.000%,14.50958,4.26,3.24
